{
  "IcoMoonType": "selection",
  "icons": [
    {
      "icon": {
        "width": 820,
        "paths": [
          "M66.030 0.028c-36.579 0-66.011 29.432-66.011 66.011v769.403c0 36.579 29.432 66.048 66.011 66.048h687.91c36.579 0 66.048-29.468 66.048-66.048v-769.403c0-36.579-29.468-66.011-66.048-66.011h-687.91zM81.878 14.334h657.571c35.498 0 64.098 28.602 64.098 64.098v252.827l-98.85 112.2h-573.65l-11.069 9.194-100.689 116.356-1.618-177.512 0.514-5.37c-0.232-2.218-0.368-4.448-0.368-6.731v-300.964c0-35.498 28.565-64.098 64.061-64.098zM566.423 122.563c-58.205 0-105.397 47.155-105.397 105.359s47.191 105.397 105.397 105.397c58.205 0 105.397-47.191 105.397-105.397s-47.191-105.359-105.397-105.359zM249.498 564.081c0.903-0.022 1.812 0 2.721 0 58.205 0 105.359 47.155 105.359 105.359s-47.155 105.397-105.359 105.397c-58.205 0-105.397-47.191-105.397-105.397 0-57.296 45.728-103.916 102.676-105.359z"
        ],
        "attrs": [
          {
            "opacity": 1,
            "visibility": false
          }
        ],
        "isMulticolor": false,
        "isMulticolor2": false,
        "tags": [
          "conversejs"
        ],
        "grid": 16
      },
      "attrs": [
        {
          "opacity": 1,
          "visibility": false
        }
      ],
      "properties": {
        "order": 94,
        "id": 9,
        "prevSize": 32,
        "code": 58880,
        "name": "conversejs",
        "ligatures": ""
      },
      "setIdx": 0,
      "setId": 9,
      "iconIdx": 9
    }
  ],
  "height": 1024,
  "metadata": {
    "name": "icomoon"
  },
  "preferences": {
    "fontPref": {
      "prefix": "icon-",
      "metadata": {
        "fontFamily": "icomoon",
        "majorVersion": 1,
        "minorVersion": 0
      },
      "showGlyphs": true,
      "metrics": {
        "emSize": 512,
        "baseline": 14.285714285714285,
        "whitespace": 25
      },
      "resetPoint": 58880,
      "showQuickUse": true,
      "quickUsageToken": false,
      "showMetrics": true,
      "showMetadata": true,
      "ie7": false,
      "includeMetadata": false,
      "embed": false,
      "cssVars": false,
      "showSelector": true,
      "showVersion": true,
      "postfix": "",
      "selector": "",
      "classSelector": ".conversejs",
      "autoHost": false
    },
    "imagePref": {
      "color": 0,
      "height": 32,
      "columns": 16,
      "margin": 16,
      "png": false,
      "sprites": true
    },
    "historySize": 100,
    "showCodes": true,
    "gridSize": 16,
    "showLiga": true,
    "showGrid": true,
    "showGlyphs": true,
    "showQuickUse": false,
    "search": "",
    "showQuickUse2": true,
    "showSVGs": true,
    "quickUsageToken": {
      "UntitledProject": "NTM5OWJhMDg1M2ZlZjhjOGUxODNmOGExNDdiZDU3ZjUjMSMxNDg3NDQ2NzgyIyMj"
    }
  }
}