[
    {
        "name": "United States",
        "dialCode": "+1",
        "code": "US"
    },
    {
        "name": "Australia",
        "dialCode": "+61",
        "code": "AU"
    },
    {
        "name": "Canada",
        "dialCode": "+1",
        "code": "CA"
    },
    {
        "name": "France",
        "dialCode": "+33",
        "code": "FR"
    },
    {
        "name": "Germany",
        "dialCode": "+49",
        "code": "DE"
    },
    {
        "name": "United Kingdom",
        "dialCode": "+44",
        "code": "GB"
    }
]