{
    "type": "AdaptiveCard",
    "version": "1.0",
    "body": [
        {
            "type": "Image",
            "url": "https://adaptivecards.io/content/adaptive-card-50.png"
        },
        {
            "type": "TextBlock",
            "text": "Hello **Adaptive Cards!**"
        }
    ],
    "actions": [
        {
            "type": "Action.OpenUrl",
            "title": "Learn more",
            "url": "https://adaptivecards.io"
        },
        {
            "type": "Action.OpenUrl",
            "title": "GitHub",
            "url": "https://github.com/Microsoft/AdaptiveCards"
        }
    ]
}